{
  "weights": [
    -273.78516547846056,
    805.5057990761161,
    -0.5741299252926794,
    315.8332147886877,
    -35.805999622979094,
    277.16377745462614,
    274.5032579013313,
    0.26683947449570894,
    -0.18827493778916773,
    -0.07255909767998747,
    -1282.9019705584947,
    -1036.5632882977036,
    432.63054278331333,
    -270.67492416520116,
    -148.90628182597777,
    1412253.2037164716,
    0.3062505088649783,
    -407.94489189514314
  ],
  "bias": 702.6916946210913,
  "featureMeans": [
    1.8518518518518519,
    1.6296296296296295,
    103.29629629629629,
    0.37037037037037035,
    1.0740740740740742,
    3.5185185185185186,
    5.962962962962963,
    2975.9259259259247,
    2975.925925925925,
    2975.9259259259265,
    0.8148148148148148,
    0.8148148148148148,
    0.7777777777777778,
    0.37037037037037035,
    0.37037037037037035,
    0,
    1869.7037037037037,
    0.1111111111111111
  ],
  "featureStds": [
    1.0785348030478477,
    0.823189293884784,
    75.8589406410442,
    0.4829038922208902,
    1.1523221662726972,
    1.7292766739919383,
    3.1444422648184216,
    1089.073761965212,
    1079.773058076049,
    1073.5264030208234,
    0.3884477344162453,
    0.3884477344162453,
    0.415739721668305,
    0.4829038922208902,
    0.4829038922208902,
    0.0001,
    528.8440094040859,
    0.3142696964372566
  ],
  "encodings": {
    "city": {
      "ho": 400,
      "accra": 3711.764705882353,
      "cape coast": 900,
      "kasoa": 950,
      "tamale": 1200,
      "kumasi": 1750,
      "sunyani": 1800,
      "tema": 3000,
      "takoradi": 2500
    },
    "type": {
      "room": 550,
      "apartment": 3057.1428571428573,
      "studio": 1900,
      "house": 4120,
      "townhouse": 2500,
      "commercial": 4500
    },
    "region": {
      "volta": 400,
      "greater accra": 3636.842105263158,
      "central": 925,
      "northern": 1200,
      "ashanti": 1750,
      "bono": 1800,
      "western": 2500
    }
  },
  "trainedAt": "2026-06-02T12:35:10.580Z",
  "sampleCount": 27,
  "finalLoss": 0.02455801999541427,
  "r2Score": 0.9754424760969164,
  "epochs": 10000,
  "featureNames": [
    "bedrooms",
    "bathrooms",
    "floorArea",
    "furnished",
    "parkingSpaces",
    "advanceMonths",
    "amenitiesCount",
    "cityEncoded",
    "typeEncoded",
    "regionEncoded",
    "hasWater",
    "hasElectricity",
    "hasSecurity",
    "hasWifi",
    "hasAc",
    "floor",
    "yearBuilt",
    "stayTypeShort"
  ]
}