{
  "weights": [
    0.055908625343877694,
    0.07717535601391322,
    0.002124561034181591,
    0.13946383569479162,
    0.03607492248029549,
    0.0005891851517759456,
    0.010726848250111656,
    0.00022250287150910676,
    0.00030416631616980044,
    5.265740359216338e-05,
    0.0043502507824958025,
    -0.014815848768003142,
    -0.012608928706434416,
    0.015109646595724386,
    0.010360960623886192,
    0.042245024830185704,
    5.9516593938858135e-05,
    0.3492119069747102
  ],
  "bias": 4.740868256702567,
  "featureMeans": [
    1.9468,
    1.4674,
    89.91182000000002,
    0.2388,
    0.9594,
    5.9342,
    9.5936,
    3432.439999999939,
    3432.4399999999537,
    3432.440000000088,
    0.6122,
    0.391,
    0.7546,
    0.3816,
    0.6134,
    2.9664,
    2005.6028,
    0.0826
  ],
  "featureStds": [
    1.4915662203976352,
    0.9896147026960879,
    48.09382612404094,
    0.4263502885269337,
    0.8960756987674412,
    6.148582802806869,
    3.1514503173982313,
    1320.7674000086192,
    2631.7830777286254,
    1253.035586674669,
    0.487248570798284,
    0.48797439457361896,
    0.4303241204098156,
    0.4857792191063607,
    0.48697068673525845,
    4.472233349171669,
    12.183851296026083,
    0.27527667083414414
  ],
  "encodings": {
    "city": {
      "accra": 5049.961270333075,
      "kasoa": 2964.5631067961167,
      "kumasi": 3269.53125,
      "cape coast": 2620.4119850187267,
      "winneba": 1910.0806451612902,
      "takoradi": 2809.5911949685533,
      "wa": 1706.4024390243903,
      "sunyani": 1832.4644549763034,
      "east legon": 5768.913857677902,
      "tamale": 2204.285714285714,
      "obuasi": 2297.9310344827586,
      "koforidua": 2344.2708333333335,
      "nkawkaw": 1557.017543859649,
      "tema": 3929.53995157385,
      "ho": 2085.4679802955666,
      "bolgatanga": 1612.111801242236
    },
    "type": {
      "room": 666.9198895027624,
      "apartment": 3377.021276595745,
      "shared_room": 472.98578199052133,
      "hostel": 566.6666666666666,
      "house": 7406.361323155216,
      "studio": 986.7671691792294,
      "townhouse": 7007.126168224299,
      "commercial": 5377.8443113772455,
      "warehouse": 4596.385542168675
    },
    "region": {
      "greater accra": 4912.5824454591575,
      "central": 2646.5,
      "ashanti": 3074.133148404993,
      "western": 2809.5911949685533,
      "upper west": 1706.4024390243903,
      "bono": 1832.4644549763034,
      "northern": 2204.285714285714,
      "eastern": 2050.9803921568628,
      "volta": 2085.4679802955666,
      "upper east": 1612.111801242236
    }
  },
  "trainedAt": "2026-07-14T02:51:02.167236+00:00",
  "sampleCount": 5000,
  "finalLoss": 0.08003770608874522,
  "r2Score": 0.8309068494881017,
  "epochs": 5204,
  "featureNames": [
    "bedrooms",
    "bathrooms",
    "floorArea",
    "furnished",
    "parkingSpaces",
    "advanceMonths",
    "amenitiesCount",
    "cityEncoded",
    "typeEncoded",
    "regionEncoded",
    "hasWater",
    "hasElectricity",
    "hasSecurity",
    "hasWifi",
    "hasAc",
    "floor",
    "yearBuilt",
    "stayTypeShort"
  ],
  "targetTransform": "log",
  "residualVariance": 0.10003760440942354
}